{"cameraMode":{"drawMode":0,"name":"Shaded","section":"Shading Mode"},"sceneLighting":true,"audioPlay":false,"sceneViewState":{"m_AlwaysRefresh":false,"showFog":true,"showSkybox":true,"showFlares":true,"showImageEffects":true,"showParticleSystems":true,"showVisualEffectGraphs":true,"m_FxEnabled":true},"in2DMode":false,"pivot":{"x":-0.4171333312988281,"y":2.1405162811279299,"z":-0.5858440399169922},"rotation":{"x":-0.02879256382584572,"y":0.9212605953216553,"z":-0.06951116770505905,"w":-0.3815988004207611},"size":3.432483434677124,"orthographic":false}