{"cameraMode":{"drawMode":0,"name":"Shaded","section":"Shading Mode"},"sceneLighting":true,"audioPlay":false,"sceneViewState":{"m_AlwaysRefresh":false,"showFog":true,"showSkybox":true,"showFlares":true,"showImageEffects":true,"showParticleSystems":true,"showVisualEffectGraphs":true,"m_FxEnabled":true},"in2DMode":false,"pivot":{"x":-2.164027214050293,"y":-21.818531036376954,"z":-6.93780517578125},"rotation":{"x":0.4398176372051239,"y":0.0026942722033709289,"z":-0.0013195782667025924,"w":0.8980826735496521},"size":78.52857208251953,"orthographic":false}