{"cameraMode":{"drawMode":0,"name":"Shaded","section":"Shading Mode"},"sceneLighting":true,"audioPlay":false,"sceneViewState":{"m_AlwaysRefresh":false,"showFog":true,"showSkybox":true,"showFlares":true,"showImageEffects":true,"showParticleSystems":true,"showVisualEffectGraphs":true,"m_FxEnabled":true},"in2DMode":false,"pivot":{"x":9.783710479736329,"y":0.22189998626708985,"z":-1.8110542297363282},"rotation":{"x":0.5430245995521545,"y":-0.2238122969865799,"z":0.15292054414749146,"w":0.7947627902030945},"size":7.6566596031188969,"orthographic":false}