{"cameraMode":{"drawMode":0,"name":"Shaded","section":"Shading Mode"},"sceneLighting":true,"audioPlay":false,"sceneViewState":{"m_AlwaysRefresh":false,"showFog":true,"showSkybox":true,"showFlares":true,"showImageEffects":true,"showParticleSystems":true,"showVisualEffectGraphs":true,"m_FxEnabled":true},"in2DMode":false,"pivot":{"x":-0.5873165130615234,"y":1.6655902862548829,"z":-1.1433076858520508},"rotation":{"x":-0.12672123312950135,"y":0.8501713871955872,"z":-0.23832373321056367,"w":-0.45205166935920718},"size":4.277498722076416,"orthographic":false}