{"cameraMode":{"drawMode":0,"name":"Shaded","section":"Shading Mode"},"sceneLighting":true,"audioPlay":false,"sceneViewState":{"m_AlwaysRefresh":false,"showFog":true,"showSkybox":true,"showFlares":true,"showImageEffects":true,"showParticleSystems":true,"showVisualEffectGraphs":true,"m_FxEnabled":true},"in2DMode":false,"pivot":{"x":-15.403157234191895,"y":-16.140594482421876,"z":-0.6161384582519531},"rotation":{"x":0.24768206477165223,"y":0.11160502582788468,"z":-0.02873457968235016,"w":0.9619685411453247},"size":20.116907119750978,"orthographic":false}